<?xml version="1.0" encoding="UTF-8"?>
<openerp>
    <data>
        <!-- window action -->
        <!--
            The following tag is an action definition for a "window action",
            that is an action opening a view or a set of views
        -->


        <record model="ir.actions.act_window" id="default_data_list_action">
            <field name="name">Default data</field>
            <field name="res_model">demo.default.data</field>
            <field name="view_type">form</field>
            <field name="view_mode">tree,form</field>
            <field name="help" type="html">
                <p class="oe_view_nocontent_create">Create the first record
                </p>
            </field>
        </record>

        <!-- top level menu: no parent -->
        <menuitem id="main_openacademy_menu" name="Default data"/>
        <!-- A first level in the left side menu is needed
             before using action= attribute -->
        <menuitem id="openacademy_menu" name="Default data overview"
                  parent="main_openacademy_menu"/>
        <!-- the following menuitem should appear *after*
             its parent openacademy_menu and *after* its
             action course_list_action -->
        <menuitem id="default_data_overview_menu" name="Default records" parent="openacademy_menu"
                  action="default_data_list_action"/>
        <!-- Full id location:
             action="openacademy.course_list_action"
             It is not required when it is the same module -->
    </data>
</openerp>
